Entity,Code,Year,"Share of youth not in education, employment or training, total (% of youth population)"
Afghanistan,AFG,2014,35.06
Afghanistan,AFG,2017,42.84
Afghanistan,AFG,2020,53.76
Afghanistan,AFG,2021,62.81
Albania,ALB,2002,41.8
Albania,ALB,2005,35.19
Albania,ALB,2007,33.77
Albania,ALB,2008,28.17
Albania,ALB,2009,30.73
Albania,ALB,2010,29.72
Albania,ALB,2011,30.01
Albania,ALB,2012,27.65
Albania,ALB,2013,30.98
Albania,ALB,2014,31.39
Albania,ALB,2015,29.82
Albania,ALB,2016,27.39
Albania,ALB,2017,26.23
Albania,ALB,2018,26.61
Albania,ALB,2019,25.82
Algeria,DZA,2009,25.45
Algeria,DZA,2010,24.53
Algeria,DZA,2011,26
Algeria,DZA,2012,22.7
Algeria,DZA,2013,21.5
Algeria,DZA,2014,22.8
Algeria,DZA,2015,21.2
Algeria,DZA,2017,20.95
Angola,AGO,2004,30.96
Angola,AGO,2009,25.81
Angola,AGO,2011,10.01
Angola,AGO,2014,30.62
Angola,AGO,2019,23.06
Angola,AGO,2021,21.69
Argentina,ARG,2004,20.98
Argentina,ARG,2005,19.87
Argentina,ARG,2006,19.51
Argentina,ARG,2008,19.42
Argentina,ARG,2009,20.04
Argentina,ARG,2010,19.46
Argentina,ARG,2011,18.4
Argentina,ARG,2012,18.41
Argentina,ARG,2013,19.07
Argentina,ARG,2014,19.67
Argentina,ARG,2017,19.25
Argentina,ARG,2018,19.02
Argentina,ARG,2019,19.23
Argentina,ARG,2020,22.33
Argentina,ARG,2021,16.12
Armenia,ARM,2009,40.52
Armenia,ARM,2011,44.6
Armenia,ARM,2012,36.77
Armenia,ARM,2013,44.37
Armenia,ARM,2014,38.03
Armenia,ARM,2015,35.56
Armenia,ARM,2016,36.58
Armenia,ARM,2017,36.59
Armenia,ARM,2018,29.52
Armenia,ARM,2019,26.04
Armenia,ARM,2020,26.08
Armenia,ARM,2021,23.49
Aruba,ABW,2010,16.56
Australia,AUS,2009,11.4
Australia,AUS,2010,11.32
Australia,AUS,2011,10.59
Australia,AUS,2012,9.91
Australia,AUS,2013,11.02
Australia,AUS,2014,10.09
Australia,AUS,2015,9.8
Australia,AUS,2016,8.69
Australia,AUS,2017,8.94
Austria,AUT,2004,9.64
Austria,AUT,2005,11.84
Austria,AUT,2006,11.22
Austria,AUT,2007,10.71
Austria,AUT,2008,10.37
Austria,AUT,2009,11.73
Austria,AUT,2010,10.79
Austria,AUT,2011,10.56
Austria,AUT,2012,10.16
Austria,AUT,2013,10.34
Austria,AUT,2014,10.76
Austria,AUT,2015,11.04
Austria,AUT,2016,10.91
Austria,AUT,2017,10.45
Austria,AUT,2018,10.42
Austria,AUT,2019,11.01
Austria,AUT,2020,11.42
Austria,AUT,2021,12.26
Azerbaijan,AZE,2009,9.4
Azerbaijan,AZE,2010,9.64
Bangladesh,BGD,2005,30.99
Bangladesh,BGD,2006,32.26
Bangladesh,BGD,2010,30.06
Bangladesh,BGD,2013,32.04
Bangladesh,BGD,2016,28.88
Bangladesh,BGD,2017,27.39
Barbados,BRB,2016,28.99
Belarus,BLR,2009,12.08
Belarus,BLR,2016,0.48
Belarus,BLR,2017,0.38
Belarus,BLR,2018,0.54
Belarus,BLR,2019,9.25
Belarus,BLR,2020,9.18
Belarus,BLR,2021,7.73
Belgium,BEL,2004,8.55
Belgium,BEL,2005,13.02
Belgium,BEL,2006,11.24
Belgium,BEL,2007,11.16
Belgium,BEL,2008,10.14
Belgium,BEL,2009,11.08
Belgium,BEL,2010,10.86
Belgium,BEL,2011,11.81
Belgium,BEL,2012,12.35
Belgium,BEL,2013,12.68
Belgium,BEL,2014,12.05
Belgium,BEL,2015,12.18
Belgium,BEL,2016,9.89
Belgium,BEL,2017,9.32
Belgium,BEL,2018,9.15
Belgium,BEL,2019,9.25
Belgium,BEL,2020,9.21
Belgium,BEL,2021,7.42
Belize,BLZ,2012,11.95
Belize,BLZ,2013,27.93
Belize,BLZ,2014,27.79
Belize,BLZ,2015,27.68
Belize,BLZ,2016,27.38
Belize,BLZ,2017,27.38
Belize,BLZ,2019,24.88
Belize,BLZ,2021,30.25
Benin,BEN,2011,17.23
Benin,BEN,2018,35.1
Bermuda,BMU,2010,6.79
Bhutan,BTN,2018,15.19
Bhutan,BTN,2019,10.41
Bhutan,BTN,2020,11.97
Bhutan,BTN,2021,9.56
Bolivia,BOL,1999,13.35
Bolivia,BOL,2000,14.37
Bolivia,BOL,2001,22.93
Bolivia,BOL,2002,21.38
Bolivia,BOL,2004,13.08
Bolivia,BOL,2005,12.08
Bolivia,BOL,2006,10.79
Bolivia,BOL,2007,11.02
Bolivia,BOL,2008,9.69
Bolivia,BOL,2009,9.18
Bolivia,BOL,2011,10.85
Bolivia,BOL,2012,10.41
Bolivia,BOL,2013,10.45
Bolivia,BOL,2014,11.16
Bolivia,BOL,2015,14.56
Bolivia,BOL,2016,10.79
Bolivia,BOL,2017,11.58
Bolivia,BOL,2018,10.83
Bolivia,BOL,2019,10.24
Bolivia,BOL,2020,13.7
Bolivia,BOL,2021,10.98
Bosnia and Herzegovina,BIH,2001,32.45
Bosnia and Herzegovina,BIH,2006,35.49
Bosnia and Herzegovina,BIH,2007,32.36
Bosnia and Herzegovina,BIH,2008,27.37
Bosnia and Herzegovina,BIH,2009,26.63
Bosnia and Herzegovina,BIH,2010,28.73
Bosnia and Herzegovina,BIH,2011,28.3
Bosnia and Herzegovina,BIH,2012,28.92
Bosnia and Herzegovina,BIH,2013,26.63
Bosnia and Herzegovina,BIH,2014,27.1
Bosnia and Herzegovina,BIH,2015,28.35
Bosnia and Herzegovina,BIH,2016,27.09
Bosnia and Herzegovina,BIH,2017,25.51
Bosnia and Herzegovina,BIH,2018,22.61
Bosnia and Herzegovina,BIH,2019,22.6
Bosnia and Herzegovina,BIH,2020,21.81
Bosnia and Herzegovina,BIH,2021,19.3
Botswana,BWA,1996,43.35
Botswana,BWA,2006,42.34
Botswana,BWA,2009,35.67
Botswana,BWA,2019,31.98
Botswana,BWA,2020,37.14
Botswana,BWA,2021,35.17
Botswana,BWA,2022,37
Brazil,BRA,1995,20.29
Brazil,BRA,1996,20.81
Brazil,BRA,1997,20.49
Brazil,BRA,1998,20.25
Brazil,BRA,1999,19.71
Brazil,BRA,2001,19.65
Brazil,BRA,2002,19.24
Brazil,BRA,2003,19.28
Brazil,BRA,2004,18.99
Brazil,BRA,2005,19.07
Brazil,BRA,2006,19.24
Brazil,BRA,2007,19.18
Brazil,BRA,2008,18.32
Brazil,BRA,2009,18.79
Brazil,BRA,2011,19.4
Brazil,BRA,2012,20.54
Brazil,BRA,2013,20.9
Brazil,BRA,2014,20.69
Brazil,BRA,2015,22.1
Brazil,BRA,2016,23.8
Brazil,BRA,2017,24.87
Brazil,BRA,2018,24.6
Brazil,BRA,2019,23.99
Brazil,BRA,2020,25.99
Brazil,BRA,2021,23.38
Brazil,BRA,2022,20.97
Brunei,BRN,2014,17.11
Brunei,BRN,2017,19.97
Brunei,BRN,2018,20.72
Brunei,BRN,2019,20.09
Brunei,BRN,2020,21.43
Brunei,BRN,2021,18.68
Bulgaria,BGR,2003,28.29
Bulgaria,BGR,2004,24.37
Bulgaria,BGR,2005,25.05
Bulgaria,BGR,2006,22.24
Bulgaria,BGR,2007,19.14
Bulgaria,BGR,2008,17.4
Bulgaria,BGR,2009,19.45
Bulgaria,BGR,2010,21.03
Bulgaria,BGR,2011,21.81
Bulgaria,BGR,2012,21.53
Bulgaria,BGR,2013,21.6
Bulgaria,BGR,2014,20.24
Bulgaria,BGR,2015,19.28
Bulgaria,BGR,2016,18.2
Bulgaria,BGR,2017,15.31
Bulgaria,BGR,2018,15.04
Bulgaria,BGR,2019,13.72
Bulgaria,BGR,2020,14.44
Bulgaria,BGR,2021,14.02
Burkina Faso,BFA,2018,41
Burundi,BDI,2006,11.3
Burundi,BDI,2014,5.07
Burundi,BDI,2017,6.19
Burundi,BDI,2020,11.17
Cambodia,KHM,1996,7.04
Cambodia,KHM,1997,11.24
Cambodia,KHM,1998,21.08
Cambodia,KHM,1999,6.39
Cambodia,KHM,2000,10.34
Cambodia,KHM,2001,6.13
Cambodia,KHM,2003,10.32
Cambodia,KHM,2007,8.05
Cambodia,KHM,2008,8.63
Cambodia,KHM,2009,7.13
Cambodia,KHM,2010,5.31
Cambodia,KHM,2011,5.1
Cambodia,KHM,2012,12.72
Cambodia,KHM,2013,6.34
Cambodia,KHM,2014,6.32
Cambodia,KHM,2015,6.59
Cambodia,KHM,2016,6.41
Cambodia,KHM,2017,6.46
Cambodia,KHM,2019,11.38
Cameroon,CMR,2007,11.12
Cameroon,CMR,2010,10.79
Cameroon,CMR,2014,17.01
Canada,CAN,1976,19.68
Canada,CAN,1977,20.17
Canada,CAN,1978,19.76
Canada,CAN,1979,18.55
Canada,CAN,1980,18.45
Canada,CAN,1981,18.04
Canada,CAN,1982,21.96
Canada,CAN,1983,21.75
Canada,CAN,1984,20.07
Canada,CAN,1985,18.35
Canada,CAN,1986,17.26
Canada,CAN,1987,15.91
Canada,CAN,1988,14.62
Canada,CAN,1989,14.02
Canada,CAN,1990,15.17
Canada,CAN,1991,16.9
Canada,CAN,1992,17.38
Canada,CAN,1993,17.27
Canada,CAN,1994,16.7
Canada,CAN,1995,16.05
Canada,CAN,1996,16.25
Canada,CAN,1997,15.89
Canada,CAN,1998,15.29
Canada,CAN,1999,14.23
Canada,CAN,2000,13.9
Canada,CAN,2001,13.33
Canada,CAN,2002,13.22
Canada,CAN,2003,13.19
Canada,CAN,2004,13.09
Canada,CAN,2005,12.78
Canada,CAN,2006,12.37
Canada,CAN,2007,12.32
Canada,CAN,2008,12.74
Canada,CAN,2009,14.36
Canada,CAN,2010,14.1
Canada,CAN,2011,13.62
Canada,CAN,2012,13.79
Canada,CAN,2013,13.48
Canada,CAN,2014,13.9
Canada,CAN,2015,13.82
Canada,CAN,2016,13.5
Canada,CAN,2017,12.58
Canada,CAN,2018,12.84
Canada,CAN,2019,12.36
Canada,CAN,2020,17.93
Canada,CAN,2021,12.94
Canada,CAN,2022,11.83
Cape Verde,CPV,2017,31.4
Cape Verde,CPV,2018,30.25
Cape Verde,CPV,2019,27.99
Central Europe and the Baltics (WB),,2004,15.815678
Central Europe and the Baltics (WB),,2005,15.5449505
Central Europe and the Baltics (WB),,2006,13.2381115
Central Europe and the Baltics (WB),,2007,11.41529
Central Europe and the Baltics (WB),,2008,10.308383
Central Europe and the Baltics (WB),,2009,12.103036
Central Europe and the Baltics (WB),,2010,13.096942
Central Europe and the Baltics (WB),,2011,13.512958
Central Europe and the Baltics (WB),,2012,13.712561
Central Europe and the Baltics (WB),,2013,14.055609
Central Europe and the Baltics (WB),,2014,13.574107
Central Europe and the Baltics (WB),,2015,12.976071
Central Europe and the Baltics (WB),,2016,12.340234
Central Europe and the Baltics (WB),,2017,11.122315
Central Europe and the Baltics (WB),,2018,10.3219
Central Europe and the Baltics (WB),,2019,10.01247
Central Europe and the Baltics (WB),,2020,10.535011
Central Europe and the Baltics (WB),,2021,12.082241
Chad,TCD,2018,37.05
Chile,CHL,1990,28.14
Chile,CHL,1992,24.09
Chile,CHL,1994,24.57
Chile,CHL,1996,20.83
Chile,CHL,1998,23.26
Chile,CHL,2000,24.03
Chile,CHL,2003,20.54
Chile,CHL,2006,19.89
Chile,CHL,2009,23.2
Chile,CHL,2010,19.16
Chile,CHL,2011,19.17
Chile,CHL,2012,17.86
Chile,CHL,2013,18.31
Chile,CHL,2014,18.63
Chile,CHL,2015,19.15
Chile,CHL,2016,17.1
Chile,CHL,2017,16.52
Chile,CHL,2018,15.82
Chile,CHL,2019,16.5
Chile,CHL,2020,20.52
Chile,CHL,2021,16.27
Chile,CHL,2022,14.77
Colombia,COL,2002,29.94
Colombia,COL,2003,28.09
Colombia,COL,2004,28.74
Colombia,COL,2005,27.72
Colombia,COL,2007,26.69
Colombia,COL,2008,25.54
Colombia,COL,2009,24.96
Colombia,COL,2010,23.44
Colombia,COL,2011,23.03
Colombia,COL,2012,22.53
Colombia,COL,2013,22.08
Colombia,COL,2014,21.4
Colombia,COL,2015,21.14
Colombia,COL,2016,21.13
Colombia,COL,2017,21.84
Colombia,COL,2018,22.84
Colombia,COL,2019,23.92
Colombia,COL,2021,27.26
Colombia,COL,2022,24.42
Comoros,COM,2004,37.17
Comoros,COM,2014,27.58
Comoros,COM,2021,22.72
Congo,COG,2005,29.87
Congo,COG,2009,22.27
Costa Rica,CRI,2001,21.96
Costa Rica,CRI,2002,20.76
Costa Rica,CRI,2003,21.62
Costa Rica,CRI,2004,20.17
Costa Rica,CRI,2005,18.66
Costa Rica,CRI,2006,18.47
Costa Rica,CRI,2007,17.47
Costa Rica,CRI,2008,17.32
Costa Rica,CRI,2009,19.64
Costa Rica,CRI,2010,19.09
Costa Rica,CRI,2011,21.14
Costa Rica,CRI,2012,17.57
Costa Rica,CRI,2013,17.97
Costa Rica,CRI,2014,18.31
Costa Rica,CRI,2015,18.65
Costa Rica,CRI,2016,20.45
Costa Rica,CRI,2017,19.96
Costa Rica,CRI,2018,18.68
Costa Rica,CRI,2019,17.58
Costa Rica,CRI,2020,19.95
Costa Rica,CRI,2021,18.99
Costa Rica,CRI,2022,17.18
Cote d'Ivoire,CIV,2012,22.76
Cote d'Ivoire,CIV,2013,17.51
Cote d'Ivoire,CIV,2016,25.76
Cote d'Ivoire,CIV,2017,34.83
Cote d'Ivoire,CIV,2019,21.92
Croatia,HRV,2005,16.72
Croatia,HRV,2006,14.18
Croatia,HRV,2007,12.87
Croatia,HRV,2008,11.62
Croatia,HRV,2009,13.43
Croatia,HRV,2010,15.67
Croatia,HRV,2011,16.22
Croatia,HRV,2012,16.59
Croatia,HRV,2013,19.63
Croatia,HRV,2014,19.33
Croatia,HRV,2015,18.12
Croatia,HRV,2016,16.9
Croatia,HRV,2017,15.35
Croatia,HRV,2018,13.57
Croatia,HRV,2019,11.78
Croatia,HRV,2020,12.24
Croatia,HRV,2021,12.69
Curacao,CUW,2018,5.06
Curacao,CUW,2020,17.46
Cyprus,CYP,1999,11.59
Cyprus,CYP,2000,10.05
Cyprus,CYP,2001,7.77
Cyprus,CYP,2002,8.38
Cyprus,CYP,2003,8.93
Cyprus,CYP,2004,21.79
Cyprus,CYP,2005,19.52
Cyprus,CYP,2006,10.73
Cyprus,CYP,2007,8.99
Cyprus,CYP,2008,9.65
Cyprus,CYP,2009,9.9
Cyprus,CYP,2010,11.68
Cyprus,CYP,2011,14.64
Cyprus,CYP,2012,15.98
Cyprus,CYP,2013,18.67
Cyprus,CYP,2014,17.01
Cyprus,CYP,2015,15.3
Cyprus,CYP,2016,16.02
Cyprus,CYP,2017,16.09
Cyprus,CYP,2018,13.21
Cyprus,CYP,2019,13.66
Cyprus,CYP,2020,14.36
Cyprus,CYP,2021,13.77
Czechia,CZE,2002,14.63
Czechia,CZE,2003,13.96
Czechia,CZE,2004,13.82
Czechia,CZE,2005,13.41
Czechia,CZE,2006,9.49
Czechia,CZE,2007,7.1
Czechia,CZE,2008,6.82
Czechia,CZE,2009,8.61
Czechia,CZE,2010,9.04
Czechia,CZE,2011,8.72
Czechia,CZE,2012,9.23
Czechia,CZE,2013,9.45
Czechia,CZE,2014,8.42
Czechia,CZE,2015,7.72
Czechia,CZE,2016,7.15
Czechia,CZE,2017,6.4
Czechia,CZE,2018,5.74
Czechia,CZE,2019,5.82
Czechia,CZE,2020,6.68
Czechia,CZE,2021,6.61
Democratic Republic of Congo,COD,2005,18.46
Democratic Republic of Congo,COD,2012,21.36
Democratic Republic of Congo,COD,2020,31.37
Denmark,DNK,2003,5.44
Denmark,DNK,2004,5.45
Denmark,DNK,2005,4.31
Denmark,DNK,2006,3.62
Denmark,DNK,2007,4.3
Denmark,DNK,2008,5.18
Denmark,DNK,2009,6.48
Denmark,DNK,2010,6.86
Denmark,DNK,2011,7.19
Denmark,DNK,2012,7.35
Denmark,DNK,2013,6.63
Denmark,DNK,2014,6.39
Denmark,DNK,2015,7.03
Denmark,DNK,2016,6.72
Denmark,DNK,2017,7.58
Denmark,DNK,2018,7.68
Denmark,DNK,2019,7.72
Denmark,DNK,2020,7.44
Denmark,DNK,2021,7.08
Djibouti,DJI,2017,22.82
Dominican Republic,DOM,2000,19.85
Dominican Republic,DOM,2001,21.09
Dominican Republic,DOM,2002,20.51
Dominican Republic,DOM,2003,21.13
Dominican Republic,DOM,2004,20.8
Dominican Republic,DOM,2005,20.51
Dominican Republic,DOM,2006,19.54
Dominican Republic,DOM,2007,19.3
Dominican Republic,DOM,2008,19.29
Dominican Republic,DOM,2009,21.74
Dominican Republic,DOM,2010,21.01
Dominican Republic,DOM,2011,20.08
Dominican Republic,DOM,2012,20.35
Dominican Republic,DOM,2013,20.96
Dominican Republic,DOM,2014,19.65
Dominican Republic,DOM,2015,25.23
Dominican Republic,DOM,2016,25.37
Dominican Republic,DOM,2017,24.34
Dominican Republic,DOM,2018,24.5
Dominican Republic,DOM,2019,24.77
Dominican Republic,DOM,2020,37.7
Dominican Republic,DOM,2021,27.33
EU (27),,2003,12.275159
EU (27),,2004,12.790945
EU (27),,2005,13.523294
EU (27),,2006,12.052679
EU (27),,2007,11.107206
EU (27),,2008,10.896893
EU (27),,2009,12.716915
EU (27),,2010,12.791325
EU (27),,2011,12.881744
EU (27),,2012,13.222355
EU (27),,2013,13.378584
EU (27),,2014,13.008161
EU (27),,2015,12.533268
EU (27),,2016,12.012091
EU (27),,2017,11.358195
EU (27),,2018,10.794649
EU (27),,2019,10.395585
EU (27),,2020,11.261041
EU (27),,2021,11.051215
East Timor,TLS,2007,25.89
East Timor,TLS,2010,19.04
East Timor,TLS,2013,16.72
East Timor,TLS,2016,20.95
East Timor,TLS,2021,31.17
Ecuador,ECU,2000,20.96
Ecuador,ECU,2001,18.03
Ecuador,ECU,2003,21.03
Ecuador,ECU,2004,18.43
Ecuador,ECU,2005,17.46
Ecuador,ECU,2006,17.05
Ecuador,ECU,2007,16.37
Ecuador,ECU,2008,16.14
Ecuador,ECU,2009,16.5
Ecuador,ECU,2010,15.66
Ecuador,ECU,2011,16.43
Ecuador,ECU,2012,16.55
Ecuador,ECU,2013,17.36
Ecuador,ECU,2014,20.23
Ecuador,ECU,2015,19.81
Ecuador,ECU,2016,18.44
Ecuador,ECU,2017,17.56
Ecuador,ECU,2018,17.67
Ecuador,ECU,2019,17.52
Ecuador,ECU,2021,18.48
Egypt,EGY,2008,29.66
Egypt,EGY,2009,29.9
Egypt,EGY,2010,33.08
Egypt,EGY,2011,32.1
Egypt,EGY,2012,31.55
Egypt,EGY,2013,28.4
Egypt,EGY,2014,26.28
Egypt,EGY,2015,27.61
Egypt,EGY,2016,27.61
Egypt,EGY,2017,26.9
Egypt,EGY,2018,27.09
Egypt,EGY,2019,27.96
Egypt,EGY,2020,30.16
Egypt,EGY,2021,28.74
El Salvador,SLV,2009,28.93
El Salvador,SLV,2010,27.21
El Salvador,SLV,2011,25.91
El Salvador,SLV,2012,26.03
El Salvador,SLV,2013,25.35
El Salvador,SLV,2014,28.5
El Salvador,SLV,2015,28.54
El Salvador,SLV,2016,28.22
El Salvador,SLV,2017,28.4
El Salvador,SLV,2018,27.15
El Salvador,SLV,2019,27.94
El Salvador,SLV,2020,25.17
El Salvador,SLV,2021,26.15
Estonia,EST,2003,12.12
Estonia,EST,2004,15.56
Estonia,EST,2005,10.94
Estonia,EST,2006,9.18
Estonia,EST,2007,9.38
Estonia,EST,2008,9.17
Estonia,EST,2009,14.62
Estonia,EST,2010,14.07
Estonia,EST,2011,11.54
Estonia,EST,2012,12.3
Estonia,EST,2013,11.42
Estonia,EST,2014,12.04
Estonia,EST,2015,10.84
Estonia,EST,2016,9.2
Estonia,EST,2017,9.42
Estonia,EST,2018,9.85
Estonia,EST,2019,6.94
Estonia,EST,2020,8.84
Estonia,EST,2021,10.92
Eswatini,SWZ,2016,35.5
Ethiopia,ETH,2013,10.48
Ethiopia,ETH,2021,17.53
Europe and Central Asia (WB),,2004,16.705091
Europe and Central Asia (WB),,2005,17.606003
Europe and Central Asia (WB),,2006,16.04637
Europe and Central Asia (WB),,2007,16.236189
Europe and Central Asia (WB),,2008,15.337178
Europe and Central Asia (WB),,2009,16.247011
Europe and Central Asia (WB),,2010,15.550507
Europe and Central Asia (WB),,2011,15.266936
Europe and Central Asia (WB),,2012,15.343196
Europe and Central Asia (WB),,2013,15.030792
Europe and Central Asia (WB),,2014,14.970857
Europe and Central Asia (WB),,2015,14.42748
Europe and Central Asia (WB),,2016,14.122602
Europe and Central Asia (WB),,2017,14.064725
Europe and Central Asia (WB),,2018,13.555829
Europe and Central Asia (WB),,2019,13.639197
Fiji,FJI,2005,20.55
Fiji,FJI,2011,18.4
Fiji,FJI,2014,19.09
Fiji,FJI,2016,20.09
Finland,FIN,2003,10.96
Finland,FIN,2004,9.78
Finland,FIN,2005,8.09
Finland,FIN,2006,7.86
Finland,FIN,2007,7.09
Finland,FIN,2008,7.95
Finland,FIN,2009,9.84
Finland,FIN,2010,9.02
Finland,FIN,2011,8.43
Finland,FIN,2012,8.56
Finland,FIN,2013,9.3
Finland,FIN,2014,10.17
Finland,FIN,2015,10.56
Finland,FIN,2016,9.92
Finland,FIN,2017,9.4
Finland,FIN,2018,8.52
Finland,FIN,2019,8.16
Finland,FIN,2020,9.25
Finland,FIN,2021,7.65
France,FRA,2003,9.52
France,FRA,2004,10.69
France,FRA,2005,11.35
France,FRA,2006,11.78
France,FRA,2007,11
France,FRA,2008,10.87
France,FRA,2009,14.34
France,FRA,2010,12.88
France,FRA,2011,12.41
France,FRA,2012,12.84
France,FRA,2013,13.43
France,FRA,2014,13.5
France,FRA,2015,13.97
France,FRA,2016,13.94
France,FRA,2017,13.43
France,FRA,2018,13.08
France,FRA,2019,12.62
France,FRA,2020,12.7
France,FRA,2021,11.46
Gambia,GMB,2012,34
Gambia,GMB,2018,29.44
Georgia,GEO,2012,32.56
Georgia,GEO,2013,30.95
Georgia,GEO,2014,28.77
Georgia,GEO,2015,27.44
Georgia,GEO,2016,26.82
Georgia,GEO,2017,24.76
Georgia,GEO,2018,26.85
Georgia,GEO,2019,26
Georgia,GEO,2020,24.91
Germany,DEU,2003,10.03
Germany,DEU,2004,10.08
Germany,DEU,2005,11.28
Germany,DEU,2006,10.06
Germany,DEU,2007,9.3
Germany,DEU,2008,8.43
Germany,DEU,2009,8.8
Germany,DEU,2010,8.3
Germany,DEU,2011,7.49
Germany,DEU,2012,7.1
Germany,DEU,2013,6.25
Germany,DEU,2014,6.36
Germany,DEU,2015,6.17
Germany,DEU,2016,6.69
Germany,DEU,2017,6.26
Germany,DEU,2018,5.9
Germany,DEU,2019,5.66
Germany,DEU,2020,7.42
Germany,DEU,2021,7.52
Ghana,GHA,1991,21.32
Ghana,GHA,2000,30.37
Ghana,GHA,2006,26.92
Ghana,GHA,2010,20.25
Ghana,GHA,2013,14.13
Ghana,GHA,2015,25.56
Ghana,GHA,2017,23
Greece,GRC,1987,21.95
Greece,GRC,1988,21
Greece,GRC,1989,19.67
Greece,GRC,1990,18.7
Greece,GRC,1991,19.71
Greece,GRC,1992,17.92
Greece,GRC,1993,19.3
Greece,GRC,1994,18.34
Greece,GRC,1995,18.25
Greece,GRC,1996,18.78
Greece,GRC,1997,18.13
Greece,GRC,1998,19.45
Greece,GRC,1999,26.19
Greece,GRC,2000,24.96
Greece,GRC,2001,24.51
Greece,GRC,2002,24
Greece,GRC,2003,29.11
Greece,GRC,2004,24.52
Greece,GRC,2005,22.44
Greece,GRC,2006,13.33
Greece,GRC,2007,13.05
Greece,GRC,2008,13.1
Greece,GRC,2009,13.47
Greece,GRC,2010,15.77
Greece,GRC,2011,18.31
Greece,GRC,2012,21.13
Greece,GRC,2013,21.24
Greece,GRC,2014,19.87
Greece,GRC,2015,17.9
Greece,GRC,2016,16.24
Greece,GRC,2017,15.88
Greece,GRC,2018,14.69
Greece,GRC,2019,12.98
Greece,GRC,2020,13.53
Greece,GRC,2021,12.05
Guatemala,GTM,2003,22.9
Guatemala,GTM,2004,29.53
Guatemala,GTM,2006,24.53
Guatemala,GTM,2010,27.86
Guatemala,GTM,2011,25.11
Guatemala,GTM,2012,22.91
Guatemala,GTM,2013,27.65
Guatemala,GTM,2014,26.9
Guatemala,GTM,2015,26.66
Guatemala,GTM,2016,27.42
Guatemala,GTM,2017,27.26
Guatemala,GTM,2018,27.79
Guatemala,GTM,2019,28.19
Guinea,GIN,2002,24.4
Guinea,GIN,2019,34.3
Guinea-Bissau,GNB,2018,24.3
Guyana,GUY,2018,43.9
Guyana,GUY,2019,46.39
Haiti,HTI,2012,21.09
Honduras,HND,2005,27.02
Honduras,HND,2006,26.84
Honduras,HND,2007,27.58
Honduras,HND,2008,25.89
Honduras,HND,2009,26.62
Honduras,HND,2010,26.21
Honduras,HND,2011,27.55
Honduras,HND,2012,28.67
Honduras,HND,2013,26.81
Honduras,HND,2014,28.67
Honduras,HND,2015,26.96
Honduras,HND,2016,27.82
Honduras,HND,2017,27.72
Honduras,HND,2018,26.62
Honduras,HND,2019,26.8
Hong Kong,HKG,2009,7.41
Hong Kong,HKG,2010,6.95
Hong Kong,HKG,2011,6.16
Hong Kong,HKG,2012,6.14
Hong Kong,HKG,2013,6.68
Hong Kong,HKG,2014,6.62
Hong Kong,HKG,2015,6.6
Hong Kong,HKG,2016,6.1
Hong Kong,HKG,2017,6.38
Hong Kong,HKG,2018,6.49
Hong Kong,HKG,2019,6.72
Hong Kong,HKG,2020,8.99
Hong Kong,HKG,2021,7.24
Hungary,HUN,2004,12.38
Hungary,HUN,2005,18.79
Hungary,HUN,2006,12.43
Hungary,HUN,2007,11.46
Hungary,HUN,2008,11.46
Hungary,HUN,2009,13.61
Hungary,HUN,2010,12.56
Hungary,HUN,2011,13.21
Hungary,HUN,2012,14.78
Hungary,HUN,2013,15.47
Hungary,HUN,2014,13.62
Hungary,HUN,2015,11.58
Hungary,HUN,2016,11.05
Hungary,HUN,2017,11.04
Hungary,HUN,2018,10.73
Hungary,HUN,2019,11
Hungary,HUN,2020,11.71
Hungary,HUN,2021,10.61
Iceland,ISL,2003,4.48
Iceland,ISL,2004,6.93
Iceland,ISL,2005,4.66
Iceland,ISL,2006,4.8
Iceland,ISL,2007,4.1
Iceland,ISL,2008,4.32
Iceland,ISL,2009,7.33
Iceland,ISL,2010,7.35
Iceland,ISL,2011,6.69
Iceland,ISL,2012,5.89
Iceland,ISL,2013,5.47
Iceland,ISL,2014,5.72
Iceland,ISL,2015,4.55
Iceland,ISL,2016,4.12
Iceland,ISL,2017,3.87
Iceland,ISL,2018,4.87
Iceland,ISL,2019,4.71
Iceland,ISL,2020,6.03
Iceland,ISL,2021,4.88
India,IND,1994,38.4
India,IND,2000,32.71
India,IND,2004,26.13
India,IND,2005,36.08
India,IND,2010,28.94
India,IND,2012,26.86
India,IND,2018,30.81
India,IND,2019,31.2
India,IND,2020,30.7
India,IND,2021,28.01
Indonesia,IDN,1996,27.1
Indonesia,IDN,1997,28.08
Indonesia,IDN,1998,29.01
Indonesia,IDN,1999,29.81
Indonesia,IDN,2000,29.38
Indonesia,IDN,2001,29.85
Indonesia,IDN,2002,31.06
Indonesia,IDN,2003,31.52
Indonesia,IDN,2004,31.42
Indonesia,IDN,2005,31.86
Indonesia,IDN,2006,30.42
Indonesia,IDN,2007,30.03
Indonesia,IDN,2008,28.15
Indonesia,IDN,2009,27.67
Indonesia,IDN,2010,26.65
Indonesia,IDN,2011,25.9
Indonesia,IDN,2012,22.95
Indonesia,IDN,2013,22.89
Indonesia,IDN,2014,22.35
Indonesia,IDN,2015,22.92
Indonesia,IDN,2016,22.48
Indonesia,IDN,2017,21.45
Indonesia,IDN,2018,21.74
Indonesia,IDN,2019,20.55
Indonesia,IDN,2020,21.8
Indonesia,IDN,2021,22.45
Indonesia,IDN,2022,22.34
Iran,IRN,2005,36.01
Iran,IRN,2006,35.81
Iran,IRN,2007,34.46
Iran,IRN,2008,34.19
Iran,IRN,2009,34.83
Iran,IRN,2010,34.43
Iran,IRN,2011,32.9
Iran,IRN,2012,32.1
Iran,IRN,2013,33.45
Iran,IRN,2014,33.33
Iran,IRN,2015,32.75
Iran,IRN,2016,32.38
Iran,IRN,2017,32.26
Iran,IRN,2018,32.09
Iran,IRN,2019,30.4
Iran,IRN,2020,29.4
Iran,IRN,2021,27.47
Iraq,IRQ,2007,46.24
Iraq,IRQ,2012,40.64
Iraq,IRQ,2021,36.93
Ireland,IRL,2003,8.84
Ireland,IRL,2004,10.36
Ireland,IRL,2005,15.13
Ireland,IRL,2006,14.43
Ireland,IRL,2007,10.06
Ireland,IRL,2008,12.52
Ireland,IRL,2009,18.29
Ireland,IRL,2010,19.43
Ireland,IRL,2011,19.14
Ireland,IRL,2012,19.18
Ireland,IRL,2013,16.42
Ireland,IRL,2014,15.24
Ireland,IRL,2015,14.25
Ireland,IRL,2016,12.57
Ireland,IRL,2017,10.93
Ireland,IRL,2018,10.07
Ireland,IRL,2019,10.09
Ireland,IRL,2020,12.02
Ireland,IRL,2021,7.73
Israel,ISR,2012,15.38
Israel,ISR,2013,14.42
Israel,ISR,2014,14.47
Israel,ISR,2015,14.31
Israel,ISR,2016,13.68
Israel,ISR,2017,13.57
Israel,ISR,2018,13.42
Israel,ISR,2019,14.28
Israel,ISR,2020,16.06
Israel,ISR,2021,16.76
Italy,ITA,2004,16.27
Italy,ITA,2005,17.05
Italy,ITA,2006,16.77
Italy,ITA,2007,16.14
Italy,ITA,2008,16.56
Italy,ITA,2009,17.55
Italy,ITA,2010,18.97
Italy,ITA,2011,19.64
Italy,ITA,2012,20.94
Italy,ITA,2013,22.14
Italy,ITA,2014,22.04
Italy,ITA,2015,21.33
Italy,ITA,2016,19.8
Italy,ITA,2017,19.99
Italy,ITA,2018,19.19
Italy,ITA,2019,18.05
Italy,ITA,2020,18.93
Italy,ITA,2021,19.76
Jamaica,JAM,2008,27.84
Jamaica,JAM,2009,30.7
Jamaica,JAM,2010,31.61
Jamaica,JAM,2011,31.52
Jamaica,JAM,2012,32.3
Jamaica,JAM,2013,33.78
Jamaica,JAM,2014,32.96
Jamaica,JAM,2016,29.76
Jamaica,JAM,2017,27.88
Jamaica,JAM,2018,26.06
Jamaica,JAM,2019,22.91
Jamaica,JAM,2020,29.66
Japan,JPN,2009,4.43
Japan,JPN,2010,4.34
Japan,JPN,2012,4.26
Japan,JPN,2013,3.96
Japan,JPN,2014,3.74
Japan,JPN,2015,3.66
Japan,JPN,2016,3.55
Japan,JPN,2017,3.32
Japan,JPN,2018,2.97
Japan,JPN,2019,3.14
Jordan,JOR,2017,38.06
Jordan,JOR,2018,36.52
Jordan,JOR,2019,36
Jordan,JOR,2020,35.38
Jordan,JOR,2021,32.85
Kazakhstan,KAZ,2001,18.6
Kazakhstan,KAZ,2002,14.88
Kazakhstan,KAZ,2003,13.53
Kazakhstan,KAZ,2004,13.24
Kazakhstan,KAZ,2005,12.81
Kazakhstan,KAZ,2006,12.5
Kazakhstan,KAZ,2007,10.73
Kazakhstan,KAZ,2008,9.71
Kazakhstan,KAZ,2009,9.55
Kazakhstan,KAZ,2010,8.2
Kazakhstan,KAZ,2011,7.8
Kazakhstan,KAZ,2012,8.03
Kazakhstan,KAZ,2013,8.02
Kazakhstan,KAZ,2014,8.76
Kazakhstan,KAZ,2015,8.46
Kazakhstan,KAZ,2016,9.49
Kenya,KEN,1999,32.43
Kenya,KEN,2005,22.7
Kenya,KEN,2006,22.7
Kenya,KEN,2016,13.73
Kenya,KEN,2019,19.67
Kiribati,KIR,2015,46.89
Kiribati,KIR,2019,52.01
Kiribati,KIR,2020,47.58
Kosovo,OWID_KOS,2012,35.88
Kosovo,OWID_KOS,2013,35.77
Kosovo,OWID_KOS,2014,30.23
Kosovo,OWID_KOS,2015,31.68
Kosovo,OWID_KOS,2016,30.26
Kosovo,OWID_KOS,2017,27.56
Kosovo,OWID_KOS,2018,29.69
Kosovo,OWID_KOS,2019,32.61
Kosovo,OWID_KOS,2020,33.48
Kosovo,OWID_KOS,2021,32.04
Kyrgyzstan,KGZ,2009,17.8
Kyrgyzstan,KGZ,2010,14.87
Kyrgyzstan,KGZ,2011,14.59
Kyrgyzstan,KGZ,2012,15.66
Kyrgyzstan,KGZ,2013,18.56
Kyrgyzstan,KGZ,2014,18.37
Kyrgyzstan,KGZ,2015,18.25
Kyrgyzstan,KGZ,2016,17.57
Kyrgyzstan,KGZ,2017,18.19
Kyrgyzstan,KGZ,2018,17.54
Kyrgyzstan,KGZ,2019,18.11
Kyrgyzstan,KGZ,2020,18.07
Kyrgyzstan,KGZ,2021,15.89
Laos,LAO,2010,5.12
Laos,LAO,2017,25.8
Latin America and Caribbean (WB),,2005,21.053526
Latin America and Caribbean (WB),,2006,20.072283
Latin America and Caribbean (WB),,2007,20.343653
Latin America and Caribbean (WB),,2008,19.975561
Latin America and Caribbean (WB),,2009,20.30469
Latin America and Caribbean (WB),,2011,20.09968
Latin America and Caribbean (WB),,2012,20.14575
Latin America and Caribbean (WB),,2013,20.514814
Latin America and Caribbean (WB),,2014,20.55131
Latin America and Caribbean (WB),,2015,21.173841
Latin America and Caribbean (WB),,2016,21.646769
Latin America and Caribbean (WB),,2017,21.705666
Latin America and Caribbean (WB),,2018,21.549952
Latin America and Caribbean (WB),,2019,21.364777
Latin America and Caribbean (WB),,2020,24.427813
Latin America and Caribbean (WB),,2021,21.243404
Latvia,LVA,2003,12.73
Latvia,LVA,2004,12.34
Latvia,LVA,2005,10.89
Latvia,LVA,2006,11.46
Latvia,LVA,2007,11.94
Latvia,LVA,2008,11.82
Latvia,LVA,2009,17.49
Latvia,LVA,2010,17.81
Latvia,LVA,2011,16.03
Latvia,LVA,2012,14.89
Latvia,LVA,2013,13.03
Latvia,LVA,2014,12.01
Latvia,LVA,2015,10.52
Latvia,LVA,2016,11.21
Latvia,LVA,2017,10.26
Latvia,LVA,2018,7.84
Latvia,LVA,2019,7.86
Latvia,LVA,2020,7.06
Latvia,LVA,2021,8.63
Lebanon,LBN,2007,21.3
Lebanon,LBN,2019,23.52
Lesotho,LSO,2019,35.15
Liberia,LBR,2010,24.28
Liberia,LBR,2014,15.13
Liberia,LBR,2016,13.23
Liberia,LBR,2017,40.78
Lithuania,LTU,2004,9.88
Lithuania,LTU,2005,8.77
Lithuania,LTU,2006,8.32
Lithuania,LTU,2007,7.07
Lithuania,LTU,2008,8.85
Lithuania,LTU,2009,12.12
Lithuania,LTU,2010,13.17
Lithuania,LTU,2011,11.82
Lithuania,LTU,2012,11.17
Lithuania,LTU,2013,11.14
Lithuania,LTU,2014,9.91
Lithuania,LTU,2015,9.2
Lithuania,LTU,2016,9.41
Lithuania,LTU,2017,9.15
Lithuania,LTU,2018,8.04
Lithuania,LTU,2019,8.65
Lithuania,LTU,2020,10.76
Lithuania,LTU,2021,11.32
Luxembourg,LUX,2003,5.14
Luxembourg,LUX,2004,6.25
Luxembourg,LUX,2005,5.5
Luxembourg,LUX,2006,6.69
Luxembourg,LUX,2007,5.66
Luxembourg,LUX,2008,6.21
Luxembourg,LUX,2009,5.79
Luxembourg,LUX,2010,5.12
Luxembourg,LUX,2011,4.74
Luxembourg,LUX,2012,5.89
Luxembourg,LUX,2013,4.99
Luxembourg,LUX,2014,6.26
Luxembourg,LUX,2015,6.17
Luxembourg,LUX,2016,5.37
Luxembourg,LUX,2017,5.91
Luxembourg,LUX,2018,5.28
Luxembourg,LUX,2019,5.6
Luxembourg,LUX,2020,6.55
Luxembourg,LUX,2021,8.67
Macao,MAC,2009,7.19
Macao,MAC,2010,6.19
Macao,MAC,2011,6.3
Macao,MAC,2012,5.76
Macao,MAC,2013,5.27
Macao,MAC,2014,5
Macao,MAC,2015,5.31
Macao,MAC,2016,4.96
Madagascar,MDG,2012,3.79
Malawi,MWI,2005,17.24
Malawi,MWI,2011,18.07
Malawi,MWI,2013,19.46
Malawi,MWI,2017,20.95
Malawi,MWI,2020,19.41
Malaysia,MYS,2011,14.37
Malaysia,MYS,2012,13.95
Malaysia,MYS,2013,13.65
Malaysia,MYS,2014,12.77
Malaysia,MYS,2016,11.69
Malaysia,MYS,2017,11.8
Malaysia,MYS,2018,12.47
Malaysia,MYS,2019,11.41
Malaysia,MYS,2020,13.63
Maldives,MDV,2009,32.54
Maldives,MDV,2014,21.84
Maldives,MDV,2016,23.79
Maldives,MDV,2019,26.27
Mali,MLI,2010,13.47
Mali,MLI,2013,18.22
Mali,MLI,2014,21.31
Mali,MLI,2015,24.94
Mali,MLI,2016,33.98
Mali,MLI,2017,28.56
Mali,MLI,2018,26.72
Mali,MLI,2020,30.86
Malta,MLT,2004,12.22
Malta,MLT,2005,11.9
Malta,MLT,2006,10.34
Malta,MLT,2007,11.54
Malta,MLT,2008,8.27
Malta,MLT,2009,9.88
Malta,MLT,2010,9.53
Malta,MLT,2011,10.18
Malta,MLT,2012,10.82
Malta,MLT,2013,9.91
Malta,MLT,2014,10.27
Malta,MLT,2015,10.54
Malta,MLT,2016,8.76
Malta,MLT,2017,8.59
Malta,MLT,2018,7.28
Malta,MLT,2019,8.56
Malta,MLT,2020,9.3
Malta,MLT,2021,13.5
Marshall Islands,MHL,2019,42.94
Mauritania,MRT,2012,39.7
Mauritania,MRT,2017,35.53
Mauritania,MRT,2019,44.08
Mauritius,MUS,2001,33.84
Mauritius,MUS,2002,30.22
Mauritius,MUS,2003,27.36
Mauritius,MUS,2004,27.99
Mauritius,MUS,2005,28.48
Mauritius,MUS,2006,22.23
Mauritius,MUS,2007,20.61
Mauritius,MUS,2008,21.34
Mauritius,MUS,2009,21.83
Mauritius,MUS,2010,21.52
Mauritius,MUS,2011,21.54
Mauritius,MUS,2012,21.61
Mauritius,MUS,2013,21.17
Mauritius,MUS,2014,20.86
Mauritius,MUS,2015,20.09
Mauritius,MUS,2016,20.32
Mauritius,MUS,2017,19.94
Mauritius,MUS,2018,20.46
Mauritius,MUS,2019,18.08
Mauritius,MUS,2021,32.42
Mexico,MEX,2005,21.46
Mexico,MEX,2006,21.3
Mexico,MEX,2007,21.09
Mexico,MEX,2008,21.91
Mexico,MEX,2009,22.14
Mexico,MEX,2010,22.18
Mexico,MEX,2011,21.82
Mexico,MEX,2012,21.14
Mexico,MEX,2013,20.47
Mexico,MEX,2014,20.28
Mexico,MEX,2015,19.72
Mexico,MEX,2016,19.5
Mexico,MEX,2017,18.7
Mexico,MEX,2018,18.41
Mexico,MEX,2019,18.3
Mexico,MEX,2020,20.38
Mexico,MEX,2021,18.35
Mexico,MEX,2022,17.32
Micronesia (country),FSM,2014,28.67
Moldova,MDA,2000,24.85
Moldova,MDA,2001,24.77
Moldova,MDA,2002,25.57
Moldova,MDA,2003,25.14
Moldova,MDA,2004,26.59
Moldova,MDA,2005,26.44
Moldova,MDA,2006,23.6
Moldova,MDA,2007,22.85
Moldova,MDA,2008,20.54
Moldova,MDA,2009,21.23
Moldova,MDA,2010,19.45
Moldova,MDA,2011,19.72
Moldova,MDA,2012,19.28
Moldova,MDA,2013,18.63
Moldova,MDA,2014,16.85
Moldova,MDA,2015,15.77
Moldova,MDA,2016,16.27
Moldova,MDA,2017,16.92
Moldova,MDA,2018,17.83
Moldova,MDA,2019,17.48
Moldova,MDA,2020,15.59
Moldova,MDA,2021,13.55
Moldova,MDA,2022,14.96
Mongolia,MNG,2003,19.84
Mongolia,MNG,2006,18.51
Mongolia,MNG,2008,17.84
Mongolia,MNG,2009,18.7
Mongolia,MNG,2010,17.63
Mongolia,MNG,2011,16.54
Mongolia,MNG,2012,17.59
Mongolia,MNG,2013,18.39
Mongolia,MNG,2014,17.45
Mongolia,MNG,2015,16.81
Mongolia,MNG,2016,20.45
Mongolia,MNG,2017,19.82
Mongolia,MNG,2018,18.88
Mongolia,MNG,2019,18.45
Mongolia,MNG,2020,18.5
Mongolia,MNG,2021,17.18
Montenegro,MNE,2011,16.32
Montenegro,MNE,2012,16.94
Montenegro,MNE,2013,17.87
Montenegro,MNE,2014,17.72
Montenegro,MNE,2015,19.15
Montenegro,MNE,2016,18.4
Montenegro,MNE,2017,16.69
Montenegro,MNE,2018,16.3
Montenegro,MNE,2019,17.34
Montenegro,MNE,2020,21.09
Myanmar,MMR,2015,18.62
Myanmar,MMR,2017,16.59
Myanmar,MMR,2018,12.79
Myanmar,MMR,2019,13.78
Myanmar,MMR,2020,15.02
Namibia,NAM,1994,25.14
Namibia,NAM,2010,34.12
Namibia,NAM,2012,31.15
Namibia,NAM,2013,32.01
Namibia,NAM,2014,30.47
Namibia,NAM,2016,33.55
Namibia,NAM,2018,31.88
Nauru,NRU,2013,36.4
Nepal,NPL,2008,23.13
Nepal,NPL,2017,34.76
Netherlands,NLD,2003,4.78
Netherlands,NLD,2004,4.86
Netherlands,NLD,2005,6.43
Netherlands,NLD,2006,4.9
Netherlands,NLD,2007,4.27
Netherlands,NLD,2008,3.91
Netherlands,NLD,2009,4.96
Netherlands,NLD,2010,4.83
Netherlands,NLD,2011,4.31
Netherlands,NLD,2012,4.85
Netherlands,NLD,2013,5.65
Netherlands,NLD,2014,5.53
Netherlands,NLD,2015,4.67
Netherlands,NLD,2016,4.57
Netherlands,NLD,2017,4
Netherlands,NLD,2018,4.18
Netherlands,NLD,2019,4.26
Netherlands,NLD,2020,4.52
Netherlands,NLD,2021,5.11
New Caledonia,NCL,2014,11.84
New Caledonia,NCL,2017,39.24
New Caledonia,NCL,2018,32.43
New Caledonia,NCL,2019,27.91
New Caledonia,NCL,2020,33.02
New Zealand,NZL,2004,10.79
New Zealand,NZL,2005,11.12
New Zealand,NZL,2006,10.73
New Zealand,NZL,2007,10.98
New Zealand,NZL,2008,11.24
New Zealand,NZL,2009,14.25
New Zealand,NZL,2010,13.65
New Zealand,NZL,2011,13.46
New Zealand,NZL,2012,13.78
New Zealand,NZL,2013,12.22
New Zealand,NZL,2014,11.65
New Zealand,NZL,2015,11.54
New Zealand,NZL,2016,12.18
New Zealand,NZL,2017,11.92
New Zealand,NZL,2018,12.05
New Zealand,NZL,2019,11.62
New Zealand,NZL,2020,12.94
New Zealand,NZL,2021,11.85
Nicaragua,NIC,2001,26.08
Nicaragua,NIC,2005,22.82
Nicaragua,NIC,2012,15.02
Nicaragua,NIC,2014,24.49
Niger,NER,2011,19.43
Niger,NER,2014,25.2
Niger,NER,2017,68.66
Nigeria,NGA,2011,29.09
Nigeria,NGA,2013,27.85
Nigeria,NGA,2016,27.06
Nigeria,NGA,2019,36.65
North America (WB),,1994,15.4290495
North America (WB),,1995,15.129742
North America (WB),,1996,14.552558
North America (WB),,1997,13.621971
North America (WB),,1998,12.911961
North America (WB),,1999,12.638135
North America (WB),,2000,12.534339
North America (WB),,2001,12.977395
North America (WB),,2002,13.409834
North America (WB),,2003,13.569708
North America (WB),,2004,13.135208
North America (WB),,2005,13.114571
North America (WB),,2006,12.451392
North America (WB),,2007,12.292866
North America (WB),,2008,13.002264
North America (WB),,2009,14.9656
North America (WB),,2010,15.119583
North America (WB),,2011,14.333639
North America (WB),,2012,13.89842
North America (WB),,2013,14.293463
North America (WB),,2014,13.438797
North America (WB),,2015,12.571196
North America (WB),,2016,12.160821
North America (WB),,2017,11.124344
North America (WB),,2018,11.106554
North America (WB),,2019,10.60194
North America (WB),,2020,14.286924
North America (WB),,2021,12.272405
North America (WB),,2022,11.298054
North Macedonia,MKD,2006,34.48
North Macedonia,MKD,2007,33.65
North Macedonia,MKD,2008,31.24
North Macedonia,MKD,2009,27.94
North Macedonia,MKD,2010,26.42
North Macedonia,MKD,2011,25.32
North Macedonia,MKD,2012,25.23
North Macedonia,MKD,2013,24.64
North Macedonia,MKD,2014,25.69
North Macedonia,MKD,2015,24.93
North Macedonia,MKD,2016,24.98
North Macedonia,MKD,2017,25.61
North Macedonia,MKD,2018,25.08
North Macedonia,MKD,2019,18.81
North Macedonia,MKD,2020,19.81
North Macedonia,MKD,2021,18.36
North Macedonia,MKD,2022,18.45
Norway,NOR,2003,10.01
Norway,NOR,2004,9.18
Norway,NOR,2005,11.3
Norway,NOR,2006,4.56
Norway,NOR,2007,4.41
Norway,NOR,2008,4.13
Norway,NOR,2009,5
Norway,NOR,2010,4.9
Norway,NOR,2011,5.04
Norway,NOR,2012,5.16
Norway,NOR,2013,5.63
Norway,NOR,2014,5.47
Norway,NOR,2015,5.03
Norway,NOR,2016,5.37
Norway,NOR,2017,4.59
Norway,NOR,2018,4.85
Norway,NOR,2019,4.75
Norway,NOR,2020,4.9
Norway,NOR,2021,6.32
Pakistan,PAK,2006,36.17
Pakistan,PAK,2007,34.97
Pakistan,PAK,2008,33.33
Pakistan,PAK,2009,31.47
Pakistan,PAK,2010,31.1
Pakistan,PAK,2011,32
Pakistan,PAK,2013,31.01
Pakistan,PAK,2014,30.91
Pakistan,PAK,2015,30.41
Pakistan,PAK,2018,30.96
Pakistan,PAK,2019,29.71
Pakistan,PAK,2021,34.56
Palau,PLW,2000,27.23
Palau,PLW,2014,13.26
Palau,PLW,2020,18.04
Palestine,PSE,2000,31.86
Palestine,PSE,2001,35.6
Palestine,PSE,2002,34.58
Palestine,PSE,2003,30.44
Palestine,PSE,2004,29.88
Palestine,PSE,2005,28.95
Palestine,PSE,2006,28.21
Palestine,PSE,2007,28.14
Palestine,PSE,2008,28.8
Palestine,PSE,2009,27.98
Palestine,PSE,2010,28.08
Palestine,PSE,2011,27.13
Palestine,PSE,2012,29.39
Palestine,PSE,2013,31.17
Palestine,PSE,2014,32.47
Palestine,PSE,2015,31.61
Palestine,PSE,2016,32.28
Palestine,PSE,2017,33.04
Palestine,PSE,2018,33.18
Palestine,PSE,2019,32.65
Palestine,PSE,2020,33.65
Palestine,PSE,2021,31.18
Palestine,PSE,2022,28.18
Panama,PAN,1997,25.41
Panama,PAN,2003,23.53
Panama,PAN,2008,22.04
Panama,PAN,2009,20.08
Panama,PAN,2010,20.89
Panama,PAN,2011,21.03
Panama,PAN,2012,17.59
Panama,PAN,2013,16.98
Panama,PAN,2014,18.76
Panama,PAN,2015,18.45
Panama,PAN,2016,17.09
Panama,PAN,2017,17.2
Panama,PAN,2018,16.38
Panama,PAN,2019,16.68
Panama,PAN,2020,18.74
Panama,PAN,2021,19.3
Panama,PAN,2022,17.56
Papua New Guinea,PNG,2010,35.5
Paraguay,PRY,1998,23.78
Paraguay,PRY,1999,23.9
Paraguay,PRY,2001,21.45
Paraguay,PRY,2002,25.03
Paraguay,PRY,2003,21.85
Paraguay,PRY,2004,20.57
Paraguay,PRY,2005,18.88
Paraguay,PRY,2006,19.19
Paraguay,PRY,2007,19.56
Paraguay,PRY,2008,17.55
Paraguay,PRY,2009,18.01
Paraguay,PRY,2010,19.5
Paraguay,PRY,2011,16.91
Paraguay,PRY,2012,16.02
Paraguay,PRY,2013,14.58
Paraguay,PRY,2014,16.83
Paraguay,PRY,2015,17.45
Paraguay,PRY,2016,18.57
Paraguay,PRY,2017,18.59
Peru,PER,2002,13.73
Peru,PER,2003,20.32
Peru,PER,2004,19.67
Peru,PER,2005,23.99
Peru,PER,2006,18.74
Peru,PER,2007,16.99
Peru,PER,2008,16.64
Peru,PER,2009,16.08
Peru,PER,2010,15.19
Peru,PER,2011,15.83
Peru,PER,2012,15.24
Peru,PER,2013,16.33
Peru,PER,2014,16.65
Peru,PER,2015,18.59
Peru,PER,2016,19.2
Peru,PER,2017,17.35
Peru,PER,2018,17.75
Peru,PER,2019,16.87
Peru,PER,2020,25.68
Peru,PER,2021,22.7
Philippines,PHL,2006,24.68
Philippines,PHL,2007,25.03
Philippines,PHL,2008,24.75
Philippines,PHL,2009,24.81
Philippines,PHL,2010,25.32
Philippines,PHL,2011,24.42
Philippines,PHL,2012,24.83
Philippines,PHL,2013,24.3
Philippines,PHL,2014,23.35
Philippines,PHL,2015,22.84
Philippines,PHL,2016,22.2
Philippines,PHL,2017,21.7
Philippines,PHL,2018,19.89
Philippines,PHL,2019,18.76
Philippines,PHL,2020,21.05
Philippines,PHL,2021,17.47
Poland,POL,2004,14.48
Poland,POL,2005,13.91
Poland,POL,2006,12.61
Poland,POL,2007,10.59
Poland,POL,2008,9.04
Poland,POL,2009,10.11
Poland,POL,2010,10.77
Poland,POL,2011,11.5
Poland,POL,2012,11.82
Poland,POL,2013,12.21
Poland,POL,2014,11.98
Poland,POL,2015,10.99
Poland,POL,2016,10.52
Poland,POL,2017,9.48
Poland,POL,2018,8.66
Poland,POL,2019,8.13
Poland,POL,2020,8.63
Poland,POL,2021,11.2
Portugal,PRT,2004,10.25
Portugal,PRT,2005,11.09
Portugal,PRT,2006,10.61
Portugal,PRT,2007,11.16
Portugal,PRT,2008,10.23
Portugal,PRT,2009,11.2
Portugal,PRT,2010,11.44
Portugal,PRT,2011,12.55
Portugal,PRT,2012,13.91
Portugal,PRT,2013,14.07
Portugal,PRT,2014,12.28
Portugal,PRT,2015,11.27
Portugal,PRT,2016,10.55
Portugal,PRT,2017,9.34
Portugal,PRT,2018,8.37
Portugal,PRT,2019,8.02
Portugal,PRT,2020,9.06
Portugal,PRT,2021,7.61
Romania,ROU,2003,19.33
Romania,ROU,2004,18.84
Romania,ROU,2005,16.8
Romania,ROU,2006,14.77
Romania,ROU,2007,13.31
Romania,ROU,2008,11.57
Romania,ROU,2009,13.94
Romania,ROU,2010,16.61
Romania,ROU,2011,17.47
Romania,ROU,2012,16.81
Romania,ROU,2013,16.96
Romania,ROU,2014,17.01
Romania,ROU,2015,18.08
Romania,ROU,2016,17.38
Romania,ROU,2017,15.15
Romania,ROU,2018,14.52
Romania,ROU,2019,14.66
Romania,ROU,2020,14.75
Romania,ROU,2021,18.02
Russia,RUS,2009,14.08
Russia,RUS,2010,14.21
Russia,RUS,2011,12.69
Russia,RUS,2012,11.99
Russia,RUS,2013,11.82
Russia,RUS,2014,12.03
Russia,RUS,2015,12.03
Russia,RUS,2016,12.41
Rwanda,RWA,2014,5.16
Rwanda,RWA,2017,25.59
Rwanda,RWA,2018,26.3
Rwanda,RWA,2019,28.55
Rwanda,RWA,2020,26.14
Rwanda,RWA,2021,29.05
Saint Lucia,LCA,2017,33.76
Saint Lucia,LCA,2018,32.49
Saint Lucia,LCA,2019,29.94
Saint Lucia,LCA,2020,35.41
Saint Lucia,LCA,2021,39.2
Saint Lucia,LCA,2022,27.09
Samoa,WSM,2012,39.06
Samoa,WSM,2017,28.74
Saudi Arabia,SAU,2019,15.6
Saudi Arabia,SAU,2020,20.32
Saudi Arabia,SAU,2021,19.22
Senegal,SEN,2015,36.26
Senegal,SEN,2016,29.52
Senegal,SEN,2017,35.52
Senegal,SEN,2018,39.69
Senegal,SEN,2019,33.9
Serbia,SRB,2008,20.32
Serbia,SRB,2009,21.61
Serbia,SRB,2010,21.2
Serbia,SRB,2011,21.6
Serbia,SRB,2012,21.65
Serbia,SRB,2013,19.79
Serbia,SRB,2014,21
Serbia,SRB,2015,20.36
Serbia,SRB,2016,18.08
Serbia,SRB,2017,17.58
Serbia,SRB,2018,16.98
Serbia,SRB,2019,15.66
Serbia,SRB,2020,16.18
Serbia,SRB,2021,16.05
Seychelles,SYC,2019,21.82
Seychelles,SYC,2020,26.01
Sierra Leone,SLE,2003,21.13
Sierra Leone,SLE,2014,32.31
Sierra Leone,SLE,2018,33.17
Singapore,SGP,2013,3.7
Singapore,SGP,2014,3.6
Singapore,SGP,2015,3.6
Singapore,SGP,2016,4.1
Singapore,SGP,2017,4.5
Singapore,SGP,2018,4.3
Singapore,SGP,2019,4.13
Singapore,SGP,2020,4.46
Singapore,SGP,2021,6.2
Slovakia,SVK,2003,19.97
Slovakia,SVK,2004,19.45
Slovakia,SVK,2005,16.86
Slovakia,SVK,2006,13.92
Slovakia,SVK,2007,11.63
Slovakia,SVK,2008,11.43
Slovakia,SVK,2009,12.96
Slovakia,SVK,2010,14.57
Slovakia,SVK,2011,14.31
Slovakia,SVK,2012,14.37
Slovakia,SVK,2013,14.26
Slovakia,SVK,2014,14.07
Slovakia,SVK,2015,13.97
Slovakia,SVK,2016,12.69
Slovakia,SVK,2017,12.33
Slovakia,SVK,2018,10.41
Slovakia,SVK,2019,10.48
Slovakia,SVK,2020,10.75
Slovakia,SVK,2021,11.08
Slovenia,SVN,2003,8
Slovenia,SVN,2004,7.73
Slovenia,SVN,2005,8.93
Slovenia,SVN,2006,8.52
Slovenia,SVN,2007,6.7
Slovenia,SVN,2008,6.5
Slovenia,SVN,2009,7.46
Slovenia,SVN,2010,7.11
Slovenia,SVN,2011,7.08
Slovenia,SVN,2012,9.28
Slovenia,SVN,2013,9.24
Slovenia,SVN,2014,9.42
Slovenia,SVN,2015,9.51
Slovenia,SVN,2016,8.03
Slovenia,SVN,2017,6.52
Slovenia,SVN,2018,6.62
Slovenia,SVN,2019,7.03
Slovenia,SVN,2020,7.68
Slovenia,SVN,2021,6.6
Solomon Islands,SLB,2013,7.04
Somalia,SOM,2019,43.73
South Africa,ZAF,2000,31.79
South Africa,ZAF,2001,34.65
South Africa,ZAF,2002,35.69
South Africa,ZAF,2003,36.58
South Africa,ZAF,2004,35.39
South Africa,ZAF,2005,34.42
South Africa,ZAF,2006,33.38
South Africa,ZAF,2007,32.63
South Africa,ZAF,2013,30.34
South Africa,ZAF,2014,29.93
South Africa,ZAF,2015,28.97
South Africa,ZAF,2016,29.31
South Africa,ZAF,2017,28.88
South Africa,ZAF,2018,29.6
South Africa,ZAF,2019,30.57
South Africa,ZAF,2020,29.88
South Africa,ZAF,2021,30.6
South Africa,ZAF,2022,32.92
South Asia (WB),,1994,38.4
South Asia (WB),,2000,32.71
South Asia (WB),,2004,26.13
South Asia (WB),,2005,35.495632
South Asia (WB),,2010,29.293587
South Asia (WB),,2012,26.86
South Asia (WB),,2018,30.75024
South Asia (WB),,2019,30.863323
South Asia (WB),,2020,31.261322
South Asia (WB),,2021,29.873436
Spain,ESP,2003,11.69
Spain,ESP,2004,11.76
Spain,ESP,2005,12.96
Spain,ESP,2006,11.83
Spain,ESP,2007,12.03
Spain,ESP,2008,14.25
Spain,ESP,2009,18.09
Spain,ESP,2010,17.81
Spain,ESP,2011,18.25
Spain,ESP,2012,18.6
Spain,ESP,2013,18.63
Spain,ESP,2014,17.14
Spain,ESP,2015,15.64
Spain,ESP,2016,14.62
Spain,ESP,2017,13.32
Spain,ESP,2018,12.45
Spain,ESP,2019,12.13
Spain,ESP,2020,13.88
Spain,ESP,2021,10.97
Sri Lanka,LKA,2010,26.68
Sri Lanka,LKA,2011,26.52
Sri Lanka,LKA,2013,27.46
Sri Lanka,LKA,2014,28.8
Sri Lanka,LKA,2015,26.63
Sri Lanka,LKA,2016,27.09
Sri Lanka,LKA,2017,24.72
Sri Lanka,LKA,2018,24.18
Sri Lanka,LKA,2019,21.21
Sri Lanka,LKA,2020,21.51
Sudan,SDN,2011,33.09
Suriname,SUR,2016,18.19
Sweden,SWE,2003,6.51
Sweden,SWE,2004,7.88
Sweden,SWE,2005,14.16
Sweden,SWE,2006,9.34
Sweden,SWE,2007,7.48
Sweden,SWE,2008,7.82
Sweden,SWE,2009,9.6
Sweden,SWE,2010,7.67
Sweden,SWE,2011,7.53
Sweden,SWE,2012,7.83
Sweden,SWE,2013,7.44
Sweden,SWE,2014,7.16
Sweden,SWE,2015,6.72
Sweden,SWE,2016,6.48
Sweden,SWE,2017,6.15
Sweden,SWE,2018,6.02
Sweden,SWE,2019,5.48
Sweden,SWE,2020,6.46
Sweden,SWE,2021,5.07
Switzerland,CHE,1991,9.33
Switzerland,CHE,1992,8.8
Switzerland,CHE,1993,9.95
Switzerland,CHE,1994,11.12
Switzerland,CHE,1995,10.35
Switzerland,CHE,1996,6.21
Switzerland,CHE,1997,6.69
Switzerland,CHE,1998,6.53
Switzerland,CHE,1999,6.22
Switzerland,CHE,2000,5.76
Switzerland,CHE,2001,6.24
Switzerland,CHE,2002,6.7
Switzerland,CHE,2003,8.63
Switzerland,CHE,2004,7.98
Switzerland,CHE,2005,8.67
Switzerland,CHE,2006,8.57
Switzerland,CHE,2007,7.86
Switzerland,CHE,2008,8.03
Switzerland,CHE,2009,8.44
Switzerland,CHE,2010,8.45
Switzerland,CHE,2011,7.91
Switzerland,CHE,2012,8.8
Switzerland,CHE,2013,9.58
Switzerland,CHE,2014,9.11
Switzerland,CHE,2015,9.35
Switzerland,CHE,2016,8.67
Switzerland,CHE,2017,8.13
Switzerland,CHE,2018,7.93
Switzerland,CHE,2019,7.71
Switzerland,CHE,2020,8.62
Switzerland,CHE,2021,9.89
Tajikistan,TJK,2003,31.91
Tajikistan,TJK,2007,38.32
Tajikistan,TJK,2009,42.2
Tanzania,TZA,2001,12.15
Tanzania,TZA,2005,9.01
Tanzania,TZA,2006,9.01
Tanzania,TZA,2010,14.87
Tanzania,TZA,2012,10.94
Tanzania,TZA,2014,14.93
Tanzania,TZA,2020,14.35
Thailand,THA,2000,10.44
Thailand,THA,2007,10.15
Thailand,THA,2009,13.71
Thailand,THA,2010,12.52
Thailand,THA,2011,12.55
Thailand,THA,2012,12.85
Thailand,THA,2013,14.37
Thailand,THA,2014,13.32
Thailand,THA,2015,13.59
Thailand,THA,2016,14.97
Thailand,THA,2017,15.59
Thailand,THA,2018,14.78
Thailand,THA,2019,14.88
Thailand,THA,2020,15.13
Thailand,THA,2021,14.75
Togo,TGO,2006,9.81
Togo,TGO,2011,11.23
Togo,TGO,2015,17.76
Togo,TGO,2017,25.08
Tonga,TON,2018,27.92
Tonga,TON,2021,18.68
Trinidad and Tobago,TTO,2013,52.05
Trinidad and Tobago,TTO,2019,14.61
Trinidad and Tobago,TTO,2020,17.06
Trinidad and Tobago,TTO,2021,15.46
Tunisia,TUN,2010,25.23
Tunisia,TUN,2014,31.5
Turkey,TUR,2000,39.65
Turkey,TUR,2001,40.43
Turkey,TUR,2002,41.14
Turkey,TUR,2003,41.4
Turkey,TUR,2004,42.56
Turkey,TUR,2005,42.56
Turkey,TUR,2006,38.55
Turkey,TUR,2007,39.22
Turkey,TUR,2008,37.02
Turkey,TUR,2009,34.94
Turkey,TUR,2010,32.29
Turkey,TUR,2011,29.56
Turkey,TUR,2012,28.72
Turkey,TUR,2013,25.53
Turkey,TUR,2014,24.79
Turkey,TUR,2015,23.89
Turkey,TUR,2016,23.95
Turkey,TUR,2017,24.18
Turkey,TUR,2018,24.41
Turkey,TUR,2019,26.02
Turkey,TUR,2020,28.32
Turkey,TUR,2021,24.75
Tuvalu,TUV,2016,34.26
Tuvalu,TUV,2017,45.54
Uganda,UGA,2009,6.95
Uganda,UGA,2012,14.53
Uganda,UGA,2013,5.91
Uganda,UGA,2017,19.2
Uganda,UGA,2021,13.8
Ukraine,UKR,2014,19.98
Ukraine,UKR,2015,17.63
Ukraine,UKR,2016,18.26
Ukraine,UKR,2017,16.47
United Arab Emirates,ARE,2021,10.72
United Kingdom,GBR,2004,5.45
United Kingdom,GBR,2005,8.42
United Kingdom,GBR,2006,8.55
United Kingdom,GBR,2007,11.9
United Kingdom,GBR,2008,12.09
United Kingdom,GBR,2009,13.22
United Kingdom,GBR,2010,13.62
United Kingdom,GBR,2011,14.24
United Kingdom,GBR,2012,13.88
United Kingdom,GBR,2013,13.24
United Kingdom,GBR,2014,11.86
United Kingdom,GBR,2015,11.05
United Kingdom,GBR,2016,10.89
United Kingdom,GBR,2017,10.31
United Kingdom,GBR,2018,10.45
United Kingdom,GBR,2019,10.52
United States,USA,1994,15.29
United States,USA,1995,15.03
United States,USA,1996,14.37
United States,USA,1997,13.38
United States,USA,1998,12.66
United States,USA,1999,12.47
United States,USA,2000,12.39
United States,USA,2001,12.94
United States,USA,2002,13.43
United States,USA,2003,13.61
United States,USA,2004,13.14
United States,USA,2005,13.15
United States,USA,2006,12.46
United States,USA,2007,12.29
United States,USA,2008,13.03
United States,USA,2009,15.03
United States,USA,2010,15.23
United States,USA,2011,14.41
United States,USA,2012,13.91
United States,USA,2013,14.38
United States,USA,2014,13.39
United States,USA,2015,12.44
United States,USA,2016,12.02
United States,USA,2017,10.97
United States,USA,2018,10.92
United States,USA,2019,10.41
United States,USA,2020,13.89
United States,USA,2021,12.2
United States,USA,2022,11.24
Uruguay,URY,1998,20.85
Uruguay,URY,1999,21.41
Uruguay,URY,2000,22.99
Uruguay,URY,2001,21.1
Uruguay,URY,2002,22.47
Uruguay,URY,2003,22.01
Uruguay,URY,2004,19.66
Uruguay,URY,2005,19.25
Uruguay,URY,2006,20.55
Uruguay,URY,2007,19.66
Uruguay,URY,2008,18.79
Uruguay,URY,2009,17.85
Uruguay,URY,2010,18.12
Uruguay,URY,2011,17.16
Uruguay,URY,2012,17.73
Uruguay,URY,2013,18.04
Uruguay,URY,2014,18.15
Uruguay,URY,2015,18.73
Uruguay,URY,2016,18.68
Uruguay,URY,2017,17.87
Uruguay,URY,2018,17.95
Uruguay,URY,2019,17.58
Uruguay,URY,2021,14.92
Uruguay,URY,2022,14.26
Vanuatu,VUT,2006,24.24
Vanuatu,VUT,2009,26.33
Vanuatu,VUT,2010,31.85
Vanuatu,VUT,2019,34.5
Vanuatu,VUT,2020,47.53
Venezuela,VEN,2005,25.5
Venezuela,VEN,2006,24.45
Venezuela,VEN,2007,23.39
Venezuela,VEN,2008,23.49
Venezuela,VEN,2009,20.85
Venezuela,VEN,2010,18.8
Venezuela,VEN,2011,18.91
Venezuela,VEN,2012,19.63
Venezuela,VEN,2016,20.25
Venezuela,VEN,2017,22.85
Venezuela,VEN,2020,37.13
Vietnam,VNM,2007,10.67
Vietnam,VNM,2009,10.27
Vietnam,VNM,2010,8.24
Vietnam,VNM,2011,8.29
Vietnam,VNM,2012,9.84
Vietnam,VNM,2013,10.58
Vietnam,VNM,2014,10.54
Vietnam,VNM,2015,10.99
Vietnam,VNM,2016,10.92
Vietnam,VNM,2017,11.12
Vietnam,VNM,2018,10.09
Vietnam,VNM,2019,13.24
Vietnam,VNM,2020,14.18
Vietnam,VNM,2021,14.93
Vietnam,VNM,2022,11.32
Yemen,YEM,2014,44.77
Zambia,ZMB,2008,12.94
Zambia,ZMB,2017,42.83
Zambia,ZMB,2018,32.83
Zambia,ZMB,2019,32.54
Zambia,ZMB,2020,31.05
Zambia,ZMB,2021,31.36
Zimbabwe,ZWE,2011,17.26
Zimbabwe,ZWE,2014,16.56
Zimbabwe,ZWE,2019,29.37
Zimbabwe,ZWE,2021,30.43